objectid,filename,youtubeid,title,format,description,creator,recipient,date,date-is-approximate?,item_information,subject,location,latitude,longitude,related_publication,publisher-digital,source,findingaid,original-identifier,identifier,rights,rightsstatement,type,language,relation
WIHannWWIIarchive001,WIHWWII1940_20240831_0001.jpg,,"A farewell dinner menu card, front",image/jpeg,"A menu for a Farewell Dinner held at the Glynmill Inn, Corner Brook on March 23, 1940 by the Guards Athletic Association in honour of enlisted members signed by 13 of the attendees",,,1940-03,,single-page; photographs,,"Corner Brook, NL",48.950001,-57.950001,,,Private family collection,,,,"Educational use includes non-commercial use of text and images in materials for teaching and research purposes. Digital reproduction permissions granted by University of Idaho Library Special Collections and Archives Department. For other uses beyond free use, please contact University of Idaho Library Special Collections and Archives Department at libspec@uidaho.edu.",https://rightsstatements.org/vocab/InC-EDU/1.0/,Image;StillImage,eng,
WIHannWWIIarchive002,WIHWWII1940_20240831_0002.jpg,,"A farewell dinner menu card, back",image/jpeg,"A menu for a Farewell Dinner held at the Glynmill Inn, Corner Brook on March 23, 1940 by the Guards Athletic Association in honour of enlisted members signed by 13 of the attendees",,,1940-03,,single-page; photographs,,"Corner Brook, NL",48.950001,-57.950001,,,Private family collection,,,,"Educational use includes non-commercial use of text and images in materials for teaching and research purposes. Digital reproduction permissions granted by University of Idaho Library Special Collections and Archives Department. For other uses beyond free use, please contact University of Idaho Library Special Collections and Archives Department at libspec@uidaho.edu.",https://rightsstatements.org/vocab/InC-EDU/1.0/,Image;StillImage,eng,https://archiveswest.orbiscascade.org/ark:/80444/xv97133/op=fstyle.aspx?t=k&q=psychiana
WIHannWWIIarchive003,WIHWWII1940_20240831_0003.jpg,,"Corner Brook volunteers marching to the train station, front",image/jpeg,"A photo of Corner Brook volunteers marching to the train station to depart for Port aux Basques alongside men, women, and children from the community",,,1940-04-12,,single-page; photographs,,"Corner Brook, NL",48.950001,-57.950001,,,Private family collection,,,,"Educational use includes non-commercial use of text and images in materials for teaching and research purposes. Digital reproduction permissions granted by University of Idaho Library Special Collections and Archives Department. For other uses beyond free use, please contact University of Idaho Library Special Collections and Archives Department at libspec@uidaho.edu.",https://rightsstatements.org/vocab/InC-EDU/1.0/,Image;StillImage,eng,https://archiveswest.orbiscascade.org/ark:/80444/xv97133/op=fstyle.aspx?t=k&q=psychiana
WIHannWWIIarchive004,WIHWWII1940_20240831_0004.jpg,,"Corner Brook volunteers marching to the train station, back",image/jpeg,"A photo of Corner Brook volunteers marching to the train station to depart for Port aux Basques alongside men, women, and children from the community",,,1940-04-12,,single-page; photographs,,"Corner Brook, NL",48.950001,-57.950001,,,Private family collection,,,,"Educational use includes non-commercial use of text and images in materials for teaching and research purposes. Digital reproduction permissions granted by University of Idaho Library Special Collections and Archives Department. For other uses beyond free use, please contact University of Idaho Library Special Collections and Archives Department at libspec@uidaho.edu.",https://rightsstatements.org/vocab/InC-EDU/1.0/,Image;StillImage,eng,https://archiveswest.orbiscascade.org/ark:/80444/xv97133/op=fstyle.aspx?t=k&q=psychiana
WIHannWWIIarchive005,WIHWWII1940_20240831_0005.jpg,,"Corner Brook volunteers marching to the train station, front",image/jpeg,"A photo of Corner Brook volunteers marching to the train station to depart for Port aux Basques alongside men, women, and children from the community",,,1940-04-12,,single-page; photographs,,"Corner Brook, NL",48.950001,-57.950001,,,Private family collection,,,,"Educational use includes non-commercial use of text and images in materials for teaching and research purposes. Digital reproduction permissions granted by University of Idaho Library Special Collections and Archives Department. For other uses beyond free use, please contact University of Idaho Library Special Collections and Archives Department at libspec@uidaho.edu.",https://rightsstatements.org/vocab/InC-EDU/1.0/,Image;StillImage,eng,https://archiveswest.orbiscascade.org/ark:/80444/xv97133/op=fstyle.aspx?t=k&q=psychiana
WIHannWWIIarchive006,WIHWWII1940_20240831_0006.jpg,,"Corner Brook volunteers marching to the train station, back",image/jpeg,"A photo of Corner Brook volunteers marching to the train station to depart for Port aux Basques alongside men, women, and children from the community",,,1940-04-12,,single-page; photographs,,"Corner Brook, NL",48.950001,-57.950001,,,Private family collection,,,,"Educational use includes non-commercial use of text and images in materials for teaching and research purposes. Digital reproduction permissions granted University of Idaho Library Special Collections and Archives Department. For other uses beyond free use, please contact University of Idaho Library Special Collections and Archives Department at libspec@uidaho.edu.",https://rightsstatements.org/vocab/InC-EDU/1.0/,Image;StillImage,eng,https://archiveswest.orbiscascade.org/ark:/80444/xv97133/op=fstyle.aspx?t=k&q=psychiana
WIHannWWIIarchive007,WIHWWII1940_20240831_0007.jpg,,"Corner Brook volunteers waiting to depart to Port aux Basques, front",image/jpeg,A photo of a group of Corner Brook volunteers waiting to depart by train for Port aux Basques,,,1940-04-12,,single-page; photographs,,"Corner Brook, NL",48.950001,-57.950001,,,Private family collection,,,,"Educational use includes non-commercial use of text and images in materials for teaching and research purposes. Digital reproduction permissions granted University of Idaho Library Special Collections and Archives Department. For other uses beyond free use, please contact University of Idaho Library Special Collections and Archives Department at libspec@uidaho.edu.",https://rightsstatements.org/vocab/InC-EDU/1.0/,Image;StillImage,eng,https://archiveswest.orbiscascade.org/ark:/80444/xv97133/op=fstyle.aspx?t=k&q=psychiana
WIHannWWIIarchive008,WIHWWII1940_20240831_0008.jpg,,"Corner Brook volunteers waiting to depart to Port aux Basques, back",image/jpeg,A photo of a group of Corner Brook volunteers waiting to depart by train for Port aux Basques,,,1940-04-12,,single-page; photographs,,"Corner Brook, NL",48.950001,-57.950001,,,Private family collection,,,,"Educational use includes non-commercial use of text and images in materials for teaching and research purposes. Digital reproduction permissions granted by University of Idaho Library Special Collections and Archives Department. For other uses beyond free use, please contact University of Idaho Library Special Collections and Archives Department at libspec@uidaho.edu.",https://rightsstatements.org/vocab/InC-EDU/1.0/,Image;StillImage,eng,https://archiveswest.orbiscascade.org/ark:/80444/xv97133/op=fstyle.aspx?t=k&q=psychiana
WIHannWWIIarchive009,WIHWWII1940_20240831_0009.jpg,,"Corner Brook volunteers waiting to depart to Port aux Basques, front",image/jpeg,"A photo of a group of Corner Brook volunteers, with a child in the foreground, waiting to depart by train for Port aux Basques",,,1940-04-12,,single-page; photographs,,"Corner Brook, NL",48.950001,-57.950001,,,Private family collection,,,,"Educational use includes non-commercial use of text and images in materials for teaching and research purposes. Digital reproduction permissions granted University of Idaho Library Special Collections and Archives Department. For other uses beyond free use, please contact University of Idaho Library Special Collections and Archives Department at libspec@uidaho.edu.",https://rightsstatements.org/vocab/InC-EDU/1.0/,Image;StillImage,eng,https://archiveswest.orbiscascade.org/ark:/80444/xv97133/op=fstyle.aspx?t=k&q=psychiana
WIHannWWIIarchive010,WIHWWII1940_20240831_0010.jpg,,"Corner Brook volunteers waiting to depart to Port aux Basques, back",image/jpeg,"A photo of a group of Corner Brook volunteers, with a child in the foreground, waiting to depart by train for Port aux Basques",,,1940-04-12,,single-page; photographs,,"Corner Brook, NL",48.950001,-57.950001,,,Private family collection,,,,"Educational use includes non-commercial use of text and images in materials for teaching and research purposes. Digital reproduction permissions granted by University of Idaho Library Special Collections and Archives Department. For other uses beyond free use, please contact University of Idaho Library Special Collections and Archives Department at libspec@uidaho.edu.",https://rightsstatements.org/vocab/InC-EDU/1.0/,Image;StillImage,eng,https://archiveswest.orbiscascade.org/ark:/80444/xv97133/op=fstyle.aspx?t=k&q=psychiana
WIHannWWIIarchive011,WIHWWII1940_20240831_0011.jpg,,"Corner Brook volunteers aboard a train departing for Port aux Basques, front",image/jpeg,A photo of the Corner Brook volunteers aboard the train for Port aux Basques surrounded by a large crowd from the community,,,1940-04-12,,single-page; photographs,,"Corner Brook, NL",48.950001,-57.950001,,,Private family collection,,,,"Educational use includes non-commercial use of text and images in materials for teaching and research purposes. Digital reproduction permissions granted by University of Idaho Library Special Collections and Archives Department. For other uses beyond free use, please contact University of Idaho Library Special Collections and Archives Department at libspec@uidaho.edu.",https://rightsstatements.org/vocab/InC-EDU/1.0/,Image;StillImage,eng,https://archiveswest.orbiscascade.org/ark:/80444/xv97133/op=fstyle.aspx?t=k&q=psychiana
WIHannWWIIarchive012,WIHWWII1940_20240831_0012.jpg,,"Corner Brook volunteers aboard a train departing for Port aux Basques, back",image/jpeg,A photo of the Corner Brook volunteers aboard the train for Port aux Basques surrounded by a large crowd from the community,,,1940-04-12,,single-page; photographs,,"Corner Brook, NL",48.950001,-57.950001,,,Private family collection,,,,"Educational use includes non-commercial use of text and images in materials for teaching and research purposes. Digital reproduction permissions granted by University of Idaho Library Special Collections and Archives Department. For other uses beyond free use, please contact University of Idaho Library Special Collections and Archives Department at libspec@uidaho.edu.",https://rightsstatements.org/vocab/InC-EDU/1.0/,Image;StillImage,eng,https://archiveswest.orbiscascade.org/ark:/80444/xv97133/op=fstyle.aspx?t=k&q=psychiana
WIHannWWIIarchive013,WIHWWII1940_20240831_0013.jpg,,"Corner Brook volunteers aboard a train departing for Port aux Basques, front",image/jpeg,A photo of the Corner Brook volunteers aboard the train for Port aux Basques surrounded by a large crowd from the community with W.I. (Bill) Hann reaching over the rail,,,1940-04-12,,single-page; photographs,,"Corner Brook, NL",48.950001,-57.950001,,,Private family collection,,,,"Educational use includes non-commercial use of text and images in materials for teaching and research purposes. Digital reproduction permissions granted by University of Idaho Library Special Collections and Archives Department. For other uses beyond free use, please contact University of Idaho Library Special Collections and Archives Department at libspec@uidaho.edu.",https://rightsstatements.org/vocab/InC-EDU/1.0/,Image;StillImage,eng,https://archiveswest.orbiscascade.org/ark:/80444/xv97133/op=fstyle.aspx?t=k&q=psychiana
WIHannWWIIarchive014,WIHWWII1940_20240831_0014.jpg,,"Corner Brook volunteers aboard a train departing for Port aux Basques, back",image/jpeg,A photo of the Corner Brook volunteers aboard the train for Port aux Basques surrounded by a large crowd from the community with W.I. (Bill) Hann reaching over the rail,,,1940-04-12,,single-page; photographs,,"Corner Brook, NL",48.950001,-57.950001,,,Private family collection,,,,"Educational use includes non-commercial use of text and images in materials for teaching and research purposes. Digital reproduction permissions granted by University of Idaho Library Special Collections and Archives Department. For other uses beyond free use, please contact University of Idaho Library Special Collections and Archives Department at libspec@uidaho.edu.",https://rightsstatements.org/vocab/InC-EDU/1.0/,Image;StillImage,eng,https://archiveswest.orbiscascade.org/ark:/80444/xv97133/op=fstyle.aspx?t=k&q=psychiana
WIHannWWIIarchive015,WIHWWII1940_20240831_0015.jpg,,"W.I. (Bill) Hann crossing to Atlantic, front",image/jpeg,A photo of W.I. (Bill) Hann in a suit standing on the deck of the Duchess of Richmond heading for Liverpool,,,1940-04-14,,single-page; photographs,,Atlantic Ocean,,,,,Private family collection,,,,"Educational use includes non-commercial use of text and images in materials for teaching and research purposes. Digital reproduction permissions granted by University of Idaho Library Special Collections and Archives Department. For other uses beyond free use, please contact University of Idaho Library Special Collections and Archives Department at libspec@uidaho.edu.",https://rightsstatements.org/vocab/InC-EDU/1.0/,Image;StillImage,eng,https://archiveswest.orbiscascade.org/ark:/80444/xv97133/op=fstyle.aspx?t=k&q=psychiana
WIHannWWIIarchive016,WIHWWII1940_20240831_0016.jpg,,"W.I. (Bill) Hann crossing to Atlantic, back",image/jpeg,A photo of W.I. (Bill) Hann in a suit standing on the deck of the Duchess of Richmond heading for Liverpool,,,1940-04-14,,single-page; photographs,,Atlantic Ocean,,,,,Private family collection,,,,"Educational use includes non-commercial use of text and images in materials for teaching and research purposes. Digital reproduction permissions granted University of Idaho Library Special Collections and Archives Department. For other uses beyond free use, please contact University of Idaho Library Special Collections and Archives Department at libspec@uidaho.edu.",https://rightsstatements.org/vocab/InC-EDU/1.0/,Image;StillImage,eng,https://archiveswest.orbiscascade.org/ark:/80444/xv97133/op=fstyle.aspx?t=k&q=psychiana
WIHannWWIIarchive017,WIHWWII1940_20240831_0017.jpg,,"Three soldiers in a tent, front",image/jpeg,"A photo of soldiers [Bill?] Butt, W.I. (Bill) Hann, and A.C. Shaw with their heads sticking out of a canvas tent taken in [East Anglia] England",,,1940-08-01,,single-page; photographs,,"East Anglia, England",,,,,Private family collection,,,,"Educational use includes non-commercial use of text and images in materials for teaching and research purposes. Digital reproduction permissions granted by University of Idaho Library Special Collections and Archives Department. For other uses beyond free use, please contact University of Idaho Library Special Collections and Archives Department at libspec@uidaho.edu.",https://rightsstatements.org/vocab/InC-EDU/1.0/,Image;StillImage,eng,https://archiveswest.orbiscascade.org/ark:/80444/xv97133/op=fstyle.aspx?t=k&q=psychiana
WIHannWWIIarchive018,WIHWWII1940_20240831_0018.jpg,,"Three soldiers in a tent, back",image/jpeg,"A photo of soldiers [Bill?] Butt, W.I. (Bill) Hann, and A.C. Shaw with their heads sticking out of a canvas tent taken in [East Anglia] England",,,1940-08-01,,single-page; photographs,,"East Anglia, England",,,,,Private family collection,,,,"Educational use includes non-commercial use of text and images in materials for teaching and research purposes. Digital reproduction permissions granted by University of Idaho Library Special Collections and Archives Department. For other uses beyond free use, please contact University of Idaho Library Special Collections and Archives Department at libspec@uidaho.edu.",https://rightsstatements.org/vocab/InC-EDU/1.0/,Image;StillImage,eng,https://archiveswest.orbiscascade.org/ark:/80444/xv97133/op=fstyle.aspx?t=k&q=psychiana
WIHannWWIIarchive019,WIHWWII1940_20240831_0019.jpg,,"Three soldiers, front",image/jpeg,"A photo of soldiers [Bill?] Butt (seated), W.I. (Bill) Hann, and A.C. Shaw taken in [East Anglia] England",,,1940-08-01,,single-page; photographs,,"East Anglia, England",,,,,Private family collection,,,,"Educational use includes non-commercial use of text and images in materials for teaching and research purposes. Digital reproduction permissions granted by University of Idaho Library Special Collections and Archives Department. For other uses beyond free use, please contact University of Idaho Library Special Collections and Archives Department at libspec@uidaho.edu.",https://rightsstatements.org/vocab/InC-EDU/1.0/,Image;StillImage,eng,https://archiveswest.orbiscascade.org/ark:/80444/xv97133/op=fstyle.aspx?t=k&q=psychiana
WIHannWWIIarchive020,WIHWWII1940_20240831_0020.jpg,,"Three soldiers, back",image/jpeg,"A photo of soldiers [Bill?] Butt (seated), W.I. (Bill) Hann, and A.C. Shaw taken in [East Anglia] England",,,1940-08-01,,single-page; photographs,,"East Anglia, England",,,,,Private family collection,,,,"Educational use includes non-commercial use of text and images in materials for teaching and research purposes. Digital reproduction permissions granted by University of Idaho Library Special Collections and Archives Department. For other uses beyond free use, please contact University of Idaho Library Special Collections and Archives Department at libspec@uidaho.edu.",https://rightsstatements.org/vocab/InC-EDU/1.0/,Image;StillImage,eng,https://archiveswest.orbiscascade.org/ark:/80444/xv97133/op=fstyle.aspx?t=k&q=psychiana
WIHannWWIIarchive021,WIHWWII1940_20240831_0021.jpg,,"W.I. (Bill) Hann cutting branches, front",image/jpeg,A photo of W.I. (Bill) Hann with his shirt off cutting branches from a tree with an ax taken in [East Anglia] England,,,1940-08-01,,single-page; photographs,,"East Anglia, England",,,,,Private family collection,,,,"Educational use includes non-commercial use of text and images in materials for teaching and research purposes. Digital reproduction permissions granted by University of Idaho Library Special Collections and Archives Department. For other uses beyond free use, please contact University of Idaho Library Special Collections and Archives Department at libspec@uidaho.edu.",https://rightsstatements.org/vocab/InC-EDU/1.0/,Image;StillImage,eng,https://archiveswest.orbiscascade.org/ark:/80444/xv97133/op=fstyle.aspx?t=k&q=psychiana
WIHannWWIIarchive022,WIHWWII1940_20240831_0022.jpg,,"W.I. (Bill) Hann cutting branches, back",image/jpeg,A photo of W.I. (Bill) Hann with his shirt off cutting branches from a tree with an ax taken in [East Anglia] England,,,1940-08-01,,single-page; photographs,,"East Anglia, England",,,,,Private family collection,,,,"Educational use includes non-commercial use of text and images in materials for teaching and research purposes. Digital reproduction permissions granted by University of Idaho Library Special Collections and Archives Department. For other uses beyond free use, please contact University of Idaho Library Special Collections and Archives Department at libspec@uidaho.edu.",https://rightsstatements.org/vocab/InC-EDU/1.0/,Image;StillImage,eng,https://archiveswest.orbiscascade.org/ark:/80444/xv97133/op=fstyle.aspx?t=k&q=psychiana
WIHannWWIIarchive023,WIHWWII1940_20240831_0023.jpg,,"W.I. (Bill) Hann sawing branches, front",image/jpeg,A photo of W.I. (Bill) Hann with his shirt off cutting wood with a hand saw taken in [East Anglia] England,,,1940-08-01,,single-page; photographs,,"East Anglia, England",,,,,Private family collection,,,,"Educational use includes non-commercial use of text and images in materials for teaching and research purposes. Digital reproduction permissions granted by University of Idaho Library Special Collections and Archives Department. For other uses beyond free use, please contact University of Idaho Library Special Collections and Archives Department at libspec@uidaho.edu.",https://rightsstatements.org/vocab/InC-EDU/1.0/,Image;StillImage,eng,https://archiveswest.orbiscascade.org/ark:/80444/xv97133/op=fstyle.aspx?t=k&q=psychiana
WIHannWWIIarchive024,WIHWWII1940_20240831_0024.jpg,,"W.I. (Bill) Hann sawing branches, back",image/jpeg,A photo of W.I. (Bill) Hann with his shirt off cutting wood with a hand saw taken in [East Anglia] England,,,1940-08-01,,single-page; photographs,,"East Anglia, England",,,,,Private family collection,,,,"Educational use includes non-commercial use of text and images in materials for teaching and research purposes. Digital reproduction permissions granted by University of Idaho Library Special Collections and Archives Department. For other uses beyond free use, please contact University of Idaho Library Special Collections and Archives Department at libspec@uidaho.edu.",https://rightsstatements.org/vocab/InC-EDU/1.0/,Image;StillImage,eng,https://archiveswest.orbiscascade.org/ark:/80444/xv97133/op=fstyle.aspx?t=k&q=psychiana
WIHannWWIIarchive025,WIHWWII1940_20240831_0025.jpg,,"W.I. (Bill) Hann in uniform, front",image/jpeg,A photo of W.I. (Bill) Hann standing in a field wearing his army uniform taken in [East Anglia] England,,,1940-08-01,,single-page; photographs,,"East Anglia, England",,,,,Private family collection,,,,"Educational use includes non-commercial use of text and images in materials for teaching and research purposes. Digital reproduction permissions granted by University of Idaho Library Special Collections and Archives Department. For other uses beyond free use, please contact University of Idaho Library Special Collections and Archives Department at libspec@uidaho.edu.",https://rightsstatements.org/vocab/InC-EDU/1.0/,Image;StillImage,eng,https://archiveswest.orbiscascade.org/ark:/80444/xv97133/op=fstyle.aspx?t=k&q=psychiana
WIHannWWIIarchive026,WIHWWII1940_20240831_0026.jpg,,"W.I. (Bill) Hann in uniform, back",image/jpeg,A photo of W.I. (Bill) Hann standing in a field wearing his army uniform taken in [East Anglia] England,,,1940-08-01,,single-page; photographs,,"East Anglia, England",,,,,Private family collection,,,,"Educational use includes non-commercial use of text and images in materials for teaching and research purposes. Digital reproduction permissions granted by University of Idaho Library Special Collections and Archives Department. For other uses beyond free use, please contact University of Idaho Library Special Collections and Archives Department at libspec@uidaho.edu.",https://rightsstatements.org/vocab/InC-EDU/1.0/,Image;StillImage,eng,https://archiveswest.orbiscascade.org/ark:/80444/xv97133/op=fstyle.aspx?t=k&q=psychiana
WIHannWWIIarchive027,WIHWWII1940_20240831_0027.jpg,,"W.I. (Bill) Hann in an RAF uniform, front",image/jpeg,A photo of W.I. (Bill) Hann standing in a field wearing an RAF uniform taken in [East Anglia] England,,,1940-08-01,,single-page; photographs,,"East Anglia, England",,,,,Private family collection,,,,"Educational use includes non-commercial use of text and images in materials for teaching and research purposes. Digital reproduction permissions granted by University of Idaho Library Special Collections and Archives Department. For other uses beyond free use, please contact University of Idaho Library Special Collections and Archives Department at libspec@uidaho.edu.",https://rightsstatements.org/vocab/InC-EDU/1.0/,Image;StillImage,eng,https://archiveswest.orbiscascade.org/ark:/80444/xv97133/op=fstyle.aspx?t=k&q=psychiana
WIHannWWIIarchive028,WIHWWII1940_20240831_0028.jpg,,"W.I. (Bill) Hann in an RAF uniform, back",image/jpeg,A photo of W.I. (Bill) Hann standing in a field wearing an RAF uniform taken in [East Anglia] England,,,1940-08-01,,single-page; photographs,,"East Anglia, England",,,,,Private family collection,,,,"Educational use includes non-commercial use of text and images in materials for teaching and research purposes. Digital reproduction permissions granted by University of Idaho Library Special Collections and Archives Department. For other uses beyond free use, please contact University of Idaho Library Special Collections and Archives Department at libspec@uidaho.edu.",https://rightsstatements.org/vocab/InC-EDU/1.0/,Image;StillImage,eng,https://archiveswest.orbiscascade.org/ark:/80444/xv97133/op=fstyle.aspx?t=k&q=psychiana
WIHannWWIIarchive029,WIHWWII1940_20240831_0029.jpg,,"W.I. (Bill) Hann in uniform with overcoat, front",image/jpeg,A photo of W.I. (Bill) Hann standing in a field wearing his army uniform with an overcoat taken in [East Anglia] England,,,1940-08-01,,single-page; photographs,,"East Anglia, England",,,,,Private family collection,,,,"Educational use includes non-commercial use of text and images in materials for teaching and research purposes. Digital reproduction permissions granted by University of Idaho Library Special Collections and Archives Department. For other uses beyond free use, please contact University of Idaho Library Special Collections and Archives Department at libspec@uidaho.edu.",https://rightsstatements.org/vocab/InC-EDU/1.0/,Image;StillImage,eng,https://archiveswest.orbiscascade.org/ark:/80444/xv97133/op=fstyle.aspx?t=k&q=psychiana
WIHannWWIIarchive030,WIHWWII1940_20240831_0030.jpg,,"W.I. (Bill) Hann in uniform with overcoat, back",image/jpeg,A photo of W.I. (Bill) Hann standing in a field wearing his army uniform with an overcoat taken in [East Anglia] England,,,1940-08-01,,single-page; photographs,,"East Anglia, England",,,,,Private family collection,,,,"Educational use includes non-commercial use of text and images in materials for teaching and research purposes. Digital reproduction permissions granted by University of Idaho Library Special Collections and Archives Department. For other uses beyond free use, please contact University of Idaho Library Special Collections and Archives Department at libspec@uidaho.edu.",https://rightsstatements.org/vocab/InC-EDU/1.0/,Image;StillImage,eng,https://archiveswest.orbiscascade.org/ark:/80444/xv97133/op=fstyle.aspx?t=k&q=psychiana
WIHannWWIIarchive031,WIHWWII1940_20240831_0031.jpg,,"W.I. (Bill) Hann in uniform in full kit, front",image/jpeg,A photo of W.I. (Bill) Hann standing in a field wearing his army uniform in full kit taken in [East Anglia] England,,,1940-08-01,,single-page; photographs,,"East Anglia, England",,,,,Private family collection,,,,"Educational use includes non-commercial use of text and images in materials for teaching and research purposes. Digital reproduction permissions granted by University of Idaho Library Special Collections and Archives Department. For other uses beyond free use, please contact University of Idaho Library Special Collections and Archives Department at libspec@uidaho.edu.",https://rightsstatements.org/vocab/InC-EDU/1.0/,Image;StillImage,eng,https://archiveswest.orbiscascade.org/ark:/80444/xv97133/op=fstyle.aspx?t=k&q=psychiana
WIHannWWIIarchive032,WIHWWII1940_20240831_0032.jpg,,"W.I. (Bill) Hann in uniform in full kit, back",image/jpeg,A photo of W.I. (Bill) Hann standing in a field wearing his army uniform in full kit taken in [East Anglia] England,,,1940-08-01,,single-page; photographs,,"East Anglia, England",,,,,Private family collection,,,,"Educational use includes non-commercial use of text and images in materials for teaching and research purposes. Digital reproduction permissions granted by University of Idaho Library Special Collections and Archives Department. For other uses beyond free use, please contact University of Idaho Library Special Collections and Archives Department at libspec@uidaho.edu.",https://rightsstatements.org/vocab/InC-EDU/1.0/,Image;StillImage,eng,https://archiveswest.orbiscascade.org/ark:/80444/xv97133/op=fstyle.aspx?t=k&q=psychiana
WIHannWWIIarchive033,WIHWWII1940_20240831_0033.jpg,,"W.I. (Bill) Hann in uniform in full kit from the side, front",image/jpeg,A photo of W.I. (Bill) Hann standing in a field wearing his army uniform in full kit viewed from the side taken in [East Anglia] England,,,1940-08-01,,single-page; photographs,,"East Anglia, England",,,,,Private family collection,,,,"Educational use includes non-commercial use of text and images in materials for teaching and research purposes. Digital reproduction permissions granted by University of Idaho Library Special Collections and Archives Department. For other uses beyond free use, please contact University of Idaho Library Special Collections and Archives Department at libspec@uidaho.edu.",https://rightsstatements.org/vocab/InC-EDU/1.0/,Image;StillImage,eng,https://archiveswest.orbiscascade.org/ark:/80444/xv97133/op=fstyle.aspx?t=k&q=psychiana
WIHannWWIIarchive034,WIHWWII1940_20240831_0034.jpg,,"W.I. (Bill) Hann in uniform in full kit from the side, back",image/jpeg,A photo of W.I. (Bill) Hann standing in a field wearing his army uniform in full kit viewed from the side taken in [East Anglia] England,,,1940-08-01,,single-page; photographs,,"East Anglia, England",,,,,Private family collection,,,,"Educational use includes non-commercial use of text and images in materials for teaching and research purposes. Digital reproduction permissions granted by University of Idaho Library Special Collections and Archives Department. For other uses beyond free use, please contact University of Idaho Library Special Collections and Archives Department at libspec@uidaho.edu.",https://rightsstatements.org/vocab/InC-EDU/1.0/,Image;StillImage,eng,https://archiveswest.orbiscascade.org/ark:/80444/xv97133/op=fstyle.aspx?t=k&q=psychiana
WIHannWWIIarchive035,WIHWWII1940_20240831_0035.jpg,,"W.I. (Bill) Hann in uniform in full kit at attention, front",image/jpeg,A photo of W.I. (Bill) Hann standing in a field wearing his army uniform in full kit standing at attention taken in [East Anglia] England,,,1940-08-01,,single-page; photographs,,"East Anglia, England",,,,,Private family collection,,,,"Educational use includes non-commercial use of text and images in materials for teaching and research purposes. Digital reproduction permissions granted by University of Idaho Library Special Collections and Archives Department. For other uses beyond free use, please contact University of Idaho Library Special Collections and Archives Department at libspec@uidaho.edu.",https://rightsstatements.org/vocab/InC-EDU/1.0/,Image;StillImage,eng,https://archiveswest.orbiscascade.org/ark:/80444/xv97133/op=fstyle.aspx?t=k&q=psychiana
WIHannWWIIarchive036,WIHWWII1940_20240831_0036.jpg,,"W.I. (Bill) Hann in uniform in full kit at attention, back",image/jpeg,A photo of W.I. (Bill) Hann standing in a field wearing his army uniform in full kit standing at attention taken in [East Anglia] England,,,1940-08-01,,single-page; photographs,,"East Anglia, England",,,,,Private family collection,,,,"Educational use includes non-commercial use of text and images in materials for teaching and research purposes. Digital reproduction permissions granted by University of Idaho Library Special Collections and Archives Department. For other uses beyond free use, please contact University of Idaho Library Special Collections and Archives Department at libspec@uidaho.edu.",https://rightsstatements.org/vocab/InC-EDU/1.0/,Image;StillImage,eng,https://archiveswest.orbiscascade.org/ark:/80444/xv97133/op=fstyle.aspx?t=k&q=psychiana
WIHannWWIIarchive037,WIHWWII1940_20240831_0037.jpg,,"W.I. (Bill) Hann in uniform with rain cape, front",image/jpeg,A photo of W.I. (Bill) Hann standing in a field wearing his army uniform with a rain cape taken in [East Anglia] England,,,1940-08-01,,single-page; photographs,,"East Anglia, England",,,,,Private family collection,,,,"Educational use includes non-commercial use of text and images in materials for teaching and research purposes. Digital reproduction permissions granted by University of Idaho Library Special Collections and Archives Department. For other uses beyond free use, please contact University of Idaho Library Special Collections and Archives Department at libspec@uidaho.edu.",https://rightsstatements.org/vocab/InC-EDU/1.0/,Image;StillImage,eng,https://archiveswest.orbiscascade.org/ark:/80444/xv97133/op=fstyle.aspx?t=k&q=psychiana
WIHannWWIIarchive038,WIHWWII1940_20240831_0038.jpg,,"W.I. (Bill) Hann in uniform with rain cape, back",image/jpeg,A photo of W.I. (Bill) Hann standing in a field wearing his army uniform with a rain cape taken in [East Anglia] England,,,1940-08-01,,single-page; photographs,,"East Anglia, England",,,,,Private family collection,,,,"Educational use includes non-commercial use of text and images in materials for teaching and research purposes. Digital reproduction permissions granted by University of Idaho Library Special Collections and Archives Department. For other uses beyond free use, please contact University of Idaho Library Special Collections and Archives Department at libspec@uidaho.edu.",https://rightsstatements.org/vocab/InC-EDU/1.0/,Image;StillImage,eng,https://archiveswest.orbiscascade.org/ark:/80444/xv97133/op=fstyle.aspx?t=k&q=psychiana
WIHannWWIIarchive039,WIHWWII1940_20240831_0039.jpg,,"W.I. (Bill) Hann in uniform with gas mask, front",image/jpeg,A photo of W.I. (Bill) Hann standing in a field wearing his army uniform with a gas mask taken in [East Anglia] England,,,1940-08-01,,single-page; photographs,,"East Anglia, England",,,,,Private family collection,,,,"Educational use includes non-commercial use of text and images in materials for teaching and research purposes. Digital reproduction permissions granted by University of Idaho Library Special Collections and Archives Department. For other uses beyond free use, please contact University of Idaho Library Special Collections and Archives Department at libspec@uidaho.edu.",https://rightsstatements.org/vocab/InC-EDU/1.0/,Image;StillImage,eng,https://archiveswest.orbiscascade.org/ark:/80444/xv97133/op=fstyle.aspx?t=k&q=psychiana
WIHannWWIIarchive040,WIHWWII1940_20240831_0040.jpg,,"W.I. (Bill) Hann in uniform with gas mask, back",image/jpeg,A photo of W.I. (Bill) Hann standing in a field wearing his army uniform with a gas mask taken in [East Anglia] England,,,1940-08-01,,single-page; photographs,,"East Anglia, England",,,,,Private family collection,,,,"Educational use includes non-commercial use of text and images in materials for teaching and research purposes. Digital reproduction permissions granted by University of Idaho Library Special Collections and Archives Department. For other uses beyond free use, please contact University of Idaho Library Special Collections and Archives Department at libspec@uidaho.edu.",https://rightsstatements.org/vocab/InC-EDU/1.0/,Image;StillImage,eng,https://archiveswest.orbiscascade.org/ark:/80444/xv97133/op=fstyle.aspx?t=k&q=psychiana
WIHannWWIIarchive041,WIHWWII1940_20240831_0041.jpg,,"Portrait photo of two NL soldiers, front",image/jpeg,"A portrait photo of Lloyd Randell and Herb Matthews taken in Yarmouth, England; W.I. (Bill) Hann has been clipped from the photo",,,1940-08-11,,single-page; photographs,,"Yarmouth, England",52.603493,1.738379,,,Private family collection,,,,"Educational use includes non-commercial use of text and images in materials for teaching and research purposes. Digital reproduction permissions granted by University of Idaho Library Special Collections and Archives Department. For other uses beyond free use, please contact University of Idaho Library Special Collections and Archives Department at libspec@uidaho.edu.",https://rightsstatements.org/vocab/InC-EDU/1.0/,Image;StillImage,eng,https://archiveswest.orbiscascade.org/ark:/80444/xv97133/op=fstyle.aspx?t=k&q=psychiana
WIHannWWIIarchive042,WIHWWII1940_20240831_0042.jpg,,"Portrait photo of two NL soldiers, back",image/jpeg,"A portrait photo of Lloyd Randell and Herb Matthews taken in Yarmouth, England; W.I. (Bill) Hann has been clipped from the photo",,,1940-08-11,,single-page; photographs,,"Yarmouth, England",52.603493,1.738379,,,Private family collection,,,,"Educational use includes non-commercial use of text and images in materials for teaching and research purposes. Digital reproduction permissions granted by University of Idaho Library Special Collections and Archives Department. For other uses beyond free use, please contact University of Idaho Library Special Collections and Archives Department at libspec@uidaho.edu.",https://rightsstatements.org/vocab/InC-EDU/1.0/,Text,eng,https://archiveswest.orbiscascade.org/ark:/80444/xv97133/op=fstyle.aspx?t=k&q=psychiana
WIHannWWIIarchive043,WIHWWII1940_20240831_0043.jpg,,"Portrait photo of three NL soldiers, front",image/jpeg,"A portrait photo of W.I. (Bill) Hann, Lloyd Randell, and Herb Matthews taken in Yarmouth, England",,,1940-08-11,,single-page; photographs,,"Yarmouth, England",52.603493,1.738379,,,Private family collection,,,,"Educational use includes non-commercial use of text and images in materials for teaching and research purposes. Digital reproduction permissions granted by University of Idaho Library Special Collections and Archives Department. For other uses beyond free use, please contact University of Idaho Library Special Collections and Archives Department at libspec@uidaho.edu.",https://rightsstatements.org/vocab/InC-EDU/1.0/,Text,eng,https://archiveswest.orbiscascade.org/ark:/80444/xv97133/op=fstyle.aspx?t=k&q=psychiana
WIHannWWIIarchive044,WIHWWII1940_20240831_0044.jpg,,"Portrait photo of three NL soldiers, back",image/jpeg,"A portrait photo of W.I. (Bill) Hann, Lloyd Randell, and Herb Matthews taken in Yarmouth, England",,,1940-08-11,,single-page; photographs,,"Yarmouth, England",52.603493,1.738379,,,Private family collection,,,,"Educational use includes non-commercial use of text and images in materials for teaching and research purposes. Digital reproduction permissions granted by University of Idaho Library Special Collections and Archives Department. For other uses beyond free use, please contact University of Idaho Library Special Collections and Archives Department at libspec@uidaho.edu.",https://rightsstatements.org/vocab/InC-EDU/1.0/,Text,eng,https://archiveswest.orbiscascade.org/ark:/80444/xv97133/op=fstyle.aspx?t=k&q=psychiana
WIHannWWIIarchive045,WIHWWII1940_20240831_0045.jpg,,"A greeting card sent by W.I. (Bill) Hann with photo, front",image/jpeg,A greeting card sent by W.I. (Bill) Hann to his aunt Edith (née Hann) and Uncle Bill Chipp featuring a portrait photo of himself,,,1940-08,yes,single-page; photographs,,"Los Angeles, CA",,,,,Private family collection,,,,"Educational use includes non-commercial use of text and images in materials for teaching and research purposes. Digital reproduction permissions granted by University of Idaho Library Special Collections and Archives Department. For other uses beyond free use, please contact University of Idaho Library Special Collections and Archives Department at libspec@uidaho.edu.",https://rightsstatements.org/vocab/InC-EDU/1.0/,Text,eng,https://archiveswest.orbiscascade.org/ark:/80444/xv97133/op=fstyle.aspx?t=k&q=psychiana
WIHannWWIIarchive046,WIHWWII1940_20240831_0046.jpg,,"A greeting card sent by W.I. (Bill) Hann with photo, back",image/jpeg,A greeting card sent by W.I. (Bill) Hann to his aunt Edith (née Hann) and Uncle Bill Chipp featuring a portrait photo of himself,,,1940-08,yes,single-page; photographs,,,,,,,Private family collection,,,,"Educational use includes non-commercial use of text and images in materials for teaching and research purposes. Digital reproduction permissions granted University of Idaho Library Special Collections and Archives Department. For other uses beyond free use, please contact University of Idaho Library Special Collections and Archives Department at libspec@uidaho.edu.",https://rightsstatements.org/vocab/InC-EDU/1.0/,Text,eng,https://archiveswest.orbiscascade.org/ark:/80444/xv97133/op=fstyle.aspx?t=k&q=psychiana
WIHannWWIIarchive047,WIHWWII1940_20240831_0047.jpg,,"Portrait photo of W.I. (Bill) Hann, front",image/jpeg,"A portrait photo of W.I. (Bill) Hann taken in Yarmouth, England",,,1940-08,yes,single-page; photographs,,,,,,,Private family collection,,,,"Educational use includes non-commercial use of text and images in materials for teaching and research purposes. Digital reproduction permissions granted by University of Idaho Library Special Collections and Archives Department. For other uses beyond free use, please contact University of Idaho Library Special Collections and Archives Department at libspec@uidaho.edu.",https://rightsstatements.org/vocab/InC-EDU/1.0/,Image;StillImage,eng,https://archiveswest.orbiscascade.org/ark:/80444/xv97133/op=fstyle.aspx?t=k&q=psychiana
WIHannWWIIarchive048,WIHWWII1940_20240831_0048.jpg,,"Portrait photo of W.I. (Bill) Hann, back",image/jpeg,"A portrait photo of W.I. (Bill) Hann taken in Yarmouth, England",,,1940-08,yes,single-page; photographs,,,,,,,Private family collection,,,,"Educational use includes non-commercial use of text and images in materials for teaching and research purposes. Digital reproduction permissions granted by University of Idaho Library Special Collections and Archives Department. For other uses beyond free use, please contact University of Idaho Library Special Collections and Archives Department at libspec@uidaho.edu.",https://rightsstatements.org/vocab/InC-EDU/1.0/,Image;StillImage,eng,https://archiveswest.orbiscascade.org/ark:/80444/xv97133/op=fstyle.aspx?t=k&q=psychiana
WIHannWWIIarchive049,WIHWWII1940_20240831_0049.jpg,,"W.I. (Bill) Hann shaving, front",image/jpeg,A photo of W.I. (Bill) Hann with his shirt off shaving using a mirror held by A.C. Baker taken somewhere in [East Anglia] England,,,1940-08-21,,single-page; photographs,,,,,,,Private family collection,,,,"Educational use includes non-commercial use of text and images in materials for teaching and research purposes. Digital reproduction permissions granted by University of Idaho Library Special Collections and Archives Department. For other uses beyond free use, please contact University of Idaho Library Special Collections and Archives Department at libspec@uidaho.edu.",https://rightsstatements.org/vocab/InC-EDU/1.0/,Text,eng,https://archiveswest.orbiscascade.org/ark:/80444/xv97133/op=fstyle.aspx?t=k&q=psychiana
WIHannWWIIarchive050,WIHWWII1940_20240831_0050.jpg,,"W.I. (Bill) Hann shaving, back",image/jpeg,A photo of W.I. (Bill) Hann with his shirt off shaving using a mirror held by A.C. Baker taken somewhere in [East Anglia] England,,,1940-08-21,,single-page; photographs,,,,,,,Private family collection,,,,"Educational use includes non-commercial use of text and images in materials for teaching and research purposes. Digital reproduction permissions granted by University of Idaho Library Special Collections and Archives Department. For other uses beyond free use, please contact University of Idaho Library Special Collections and Archives Department at libspec@uidaho.edu.",https://rightsstatements.org/vocab/InC-EDU/1.0/,Text,eng,https://archiveswest.orbiscascade.org/ark:/80444/xv97133/op=fstyle.aspx?t=k&q=psychiana
WIHannWWIIarchive051,WIHWWII1940_20240831_0051.jpg,,"Four soldiers shaving, front",image/jpeg,"A photo of Buster Winslow, W.I. (Bill) Hann, Bill Butt, and A.C. Baker taken somewhere in [East Anglia] England",,,1940-08-21,,single-page; photographs,,,,,,,Private family collection,,,,"Educational use includes non-commercial use of text and images in materials for teaching and research purposes. Digital reproduction permissions granted by University of Idaho Library Special Collections and Archives Department. For other uses beyond free use, please contact University of Idaho Library Special Collections and Archives Department at libspec@uidaho.edu.",https://rightsstatements.org/vocab/InC-EDU/1.0/,Text,eng,https://archiveswest.orbiscascade.org/ark:/80444/xv97133/op=fstyle.aspx?t=k&q=psychiana
WIHannWWIIarchive052,WIHWWII1940_20240831_0052.jpg,,"Four soldiers shaving, back",image/jpeg,"A photo of Buster Winslow, W.I. (Bill) Hann, Bill Butt, and A.C. Baker taken somewhere in [East Anglia] England",,,1940-08-21,,single-page; photographs,,,,,,,Private family collection,,,,"Educational use includes non-commercial use of text and images in materials for teaching and research purposes. Digital reproduction permissions granted by University of Idaho Library Special Collections and Archives Department. For other uses beyond free use, please contact University of Idaho Library Special Collections and Archives Department at libspec@uidaho.edu.",https://rightsstatements.org/vocab/InC-EDU/1.0/,Text,eng,https://archiveswest.orbiscascade.org/ark:/80444/xv97133/op=fstyle.aspx?t=k&q=psychiana
WIHannWWIIarchive053,WIHWWII1940_20240831_0053.jpg,,"W.I. (Bill) Hann in uniform, front",image/jpeg,A photo of W.I. (Bill) Hann standing in a field wearing his army uniform in full kit taken in [East Anglia] England,,,1940-08-21,,single-page; photographs,,,,,,,Private family collection,,,,"Educational use includes non-commercial use of text and images in materials for teaching and research purposes. Digital reproduction permissions granted University of Idaho Library Special Collections and Archives Department. For other uses beyond free use, please contact University of Idaho Library Special Collections and Archives Department at libspec@uidaho.edu.",https://rightsstatements.org/vocab/InC-EDU/1.0/,Text,eng,https://archiveswest.orbiscascade.org/ark:/80444/xv97133/op=fstyle.aspx?t=k&q=psychiana
WIHannWWIIarchive054,WIHWWII1940_20240831_0054.jpg,,"W.I. (Bill) Hann in uniform, back",image/jpeg,A photo of W.I. (Bill) Hann standing in a field wearing his army uniform in full kit taken in [East Anglia] England,,,1940-08-21,,single-page; photographs,,,,,,,Private family collection,,,,"Educational use includes non-commercial use of text and images in materials for teaching and research purposes. Digital reproduction permissions granted University of Idaho Library Special Collections and Archives Department. For other uses beyond free use, please contact University of Idaho Library Special Collections and Archives Department at libspec@uidaho.edu.",https://rightsstatements.org/vocab/InC-EDU/1.0/,Text,eng,https://archiveswest.orbiscascade.org/ark:/80444/xv97133/op=fstyle.aspx?t=k&q=psychiana
WIHannWWIIarchive055,WIHWWII1940_20240831_0055.jpg,,"Portrait photo of W.I. (Bill) Hann, front",image/jpeg,A portrait photo of W.I. (Bill) Hann wearing his army uniform,,,1940-12-24,,single-page; photographs,,,,,,,Private family collection,,,,"Educational use includes non-commercial use of text and images in materials for teaching and research purposes. Digital reproduction permissions granted University of Idaho Library Special Collections and Archives Department. For other uses beyond free use, please contact University of Idaho Library Special Collections and Archives Department at libspec@uidaho.edu.",https://rightsstatements.org/vocab/InC-EDU/1.0/,Text,eng,https://archiveswest.orbiscascade.org/ark:/80444/xv97133/op=fstyle.aspx?t=k&q=psychiana
WIHannWWIIarchive056,WIHWWII1940_20240831_0056.jpg,,"Portrait photo of W.I. (Bill) Hann, back",image/jpeg,A portrait photo of W.I. (Bill) Hann wearing his army uniform,,,1940-12-24,,single-page; photographs,,,,,,,Private family collection,,,,"Educational use includes non-commercial use of text and images in materials for teaching and research purposes. Digital reproduction permissions granted University of Idaho Library Special Collections and Archives Department. For other uses beyond free use, please contact University of Idaho Library Special Collections and Archives Department at libspec@uidaho.edu.",https://rightsstatements.org/vocab/InC-EDU/1.0/,Text,eng,https://archiveswest.orbiscascade.org/ark:/80444/xv97133/op=fstyle.aspx?t=k&q=psychiana
WIHannWWIIarchive057,WIHWWII1940_20240831_0057.jpg,,"Photo of W.I. (Bill) Hann with his brother, sister, and niece, front",image/jpeg,"A photo of W.I. (Bill) and Harold Hann, their sister Elsie … (née Hann), and her daughter Kathleen sitting on a sofa",,,1940,yes,single-page; photographs,,,,,,,Private family collection,,,,"Educational use includes non-commercial use of text and images in materials for teaching and research purposes. Digital reproduction permissions granted by University of Idaho Library Special Collections and Archives Department. For other uses beyond free use, please contact University of Idaho Library Special Collections and Archives Department at libspec@uidaho.edu.",https://rightsstatements.org/vocab/InC-EDU/1.0/,Text,eng,https://archiveswest.orbiscascade.org/ark:/80444/xv97133/op=fstyle.aspx?t=k&q=psychiana
WIHannWWIIarchive058,WIHWWII1940_20240831_0058.jpg,,"Photo of W.I. (Bill) Hann with his brother, sister, and niece, back",image/jpeg,"A photo of W.I. (Bill) and Harold Hann, their sister Elsie … (née Hann), and her daughter Kathleen sitting on a sofa",,,1940,yes,single-page; photographs,,,,,,,Private family collection,,,,"Educational use includes non-commercial use of text and images in materials for teaching and research purposes. Digital reproduction permissions granted by University of Idaho Library Special Collections and Archives Department. For other uses beyond free use, please contact University of Idaho Library Special Collections and Archives Department at libspec@uidaho.edu.",https://rightsstatements.org/vocab/InC-EDU/1.0/,Text,eng,https://archiveswest.orbiscascade.org/ark:/80444/xv97133/op=fstyle.aspx?t=k&q=psychiana
WIHannWWIIarchive059,WIHWWII1941_20240831_0001.jpg,,"Victor and W.I. (Bill) Hann, front",image/jpeg,"A photo of Victor and W.I. (Bill) Hann seated, drinking tea or coffee, and smoking at the Red Shield Club in Norwich, England",,,1941-03-17,,single-page; photographs,,"Spokane, WA",,,,,Private family collection,,,,"Educational use includes non-commercial use of text and images in materials for teaching and research purposes. Digital reproduction permissions granted by University of Idaho Library Special Collections and Archives Department. For other uses beyond free use, please contact University of Idaho Library Special Collections and Archives Department at libspec@uidaho.edu.",https://rightsstatements.org/vocab/InC-EDU/1.0/,Text,eng,https://archiveswest.orbiscascade.org/ark:/80444/xv97133/op=fstyle.aspx?t=k&q=psychiana
WIHannWWIIarchive060,WIHWWII1941_20240831_0002.jpg,,"Victor and W.I. (Bill) Hann, back",image/jpeg,"A photo of Victor and W.I. (Bill) Hann seated, drinking tea or coffee, and smoking at the Red Shield Club in Norwich, England",,,1941-03-17,,single-page; photographs,,,,,,,Private family collection,,,,"Educational use includes non-commercial use of text and images in materials for teaching and research purposes. Digital reproduction permissions granted University of Idaho Library Special Collections and Archives Department. For other uses beyond free use, please contact University of Idaho Library Special Collections and Archives Department at libspec@uidaho.edu.",https://rightsstatements.org/vocab/InC-EDU/1.0/,Text,eng,https://archiveswest.orbiscascade.org/ark:/80444/xv97133/op=fstyle.aspx?t=k&q=psychiana
WIHannWWIIarchive061,WIHWWII1941_20240831_0003.jpg,,"Victor and W.I. (Bill) Hann with a Salvation Army Officer, front",image/jpeg,"A photo of Victor and W.I. (Bill) Hann seated and drinking tea or coffee with a Salvation Army Officer at the Red Shield Club in Norwich, England",,,1941-03-17,,single-page; photographs,,,,,,,Private family collection,,,,"Educational use includes non-commercial use of text and images in materials for teaching and research purposes. Digital reproduction permissions granted by University of Idaho Library Special Collections and Archives Department. For other uses beyond free use, please contact University of Idaho Library Special Collections and Archives Department at libspec@uidaho.edu.",https://rightsstatements.org/vocab/InC-EDU/1.0/,Text,eng,https://archiveswest.orbiscascade.org/ark:/80444/xv97133/op=fstyle.aspx?t=k&q=psychiana
WIHannWWIIarchive062,WIHWWII1941_20240831_0004.jpg,,"Victor and W.I. (Bill) Hann with a Salvation Army Officer, back",image/jpeg,"A photo of Victor and W.I. (Bill) Hann seated and drinking tea or coffee with a Salvation Army Officer at the Red Shield Club in Norwich, England",,,1941-03-17,,single-page; photographs,,,,,,,Private family collection,,,,"Educational use includes non-commercial use of text and images in materials for teaching and research purposes. Digital reproduction permissions granted University of Idaho Library Special Collections and Archives Department. For other uses beyond free use, please contact University of Idaho Library Special Collections and Archives Department at libspec@uidaho.edu.",https://rightsstatements.org/vocab/InC-EDU/1.0/,Text,eng,https://archiveswest.orbiscascade.org/ark:/80444/xv97133/op=fstyle.aspx?t=k&q=psychiana
WIHannWWIIarchive063,WIHWWII1941_20240831_0005.jpg,,"W.I. (Bill) Hann and Mrs. Packer in her garden, front",image/jpeg,"A photo of W.I. (Bill) Hann and Adelaide Lilian (née Dicthburn) Packer standing in the garden of her house [40 Ridham Avenue] in Kemsley, Kent, England",,,1941-06-15,,single-page; photographs,,,,,,,Private family collection,,,,"Educational use includes non-commercial use of text and images in materials for teaching and research purposes. Digital reproduction permissions granted by University of Idaho Library Special Collections and Archives Department. For other uses beyond free use, please contact University of Idaho Library Special Collections and Archives Department at libspec@uidaho.edu.",https://rightsstatements.org/vocab/InC-EDU/1.0/,Text,eng,https://archiveswest.orbiscascade.org/ark:/80444/xv97133/op=fstyle.aspx?t=k&q=psychiana
WIHannWWIIarchive064,WIHWWII1941_20240831_0006.jpg,,"W.I. (Bill) Hann and Mrs. Packer in her garden, back",image/jpeg,"A photo of W.I. (Bill) Hann and Adelaide Lilian (née Dicthburn) Packer standing in the garden of her house [40 Ridham Avenue] in Kemsley, Kent, England",,,1941-06-15,,single-page; photographs,,,,,,,Private family collection,,,,"Educational use includes non-commercial use of text and images in materials for teaching and research purposes. Digital reproduction permissions granted by University of Idaho Library Special Collections and Archives Department. For other uses beyond free use, please contact University of Idaho Library Special Collections and Archives Department at libspec@uidaho.edu.",https://rightsstatements.org/vocab/InC-EDU/1.0/,Text,eng,https://archiveswest.orbiscascade.org/ark:/80444/xv97133/op=fstyle.aspx?t=k&q=psychiana
WIHannWWIIarchive065,WIHWWII1941_20240831_0007.jpg,,"W.I. (Bill) Hann and Mrs. Packer's daughter, front",image/jpeg,"A photo of W.I. (Bill) Hann wearing civilian clothes with Adelaide Lilian (née Ditchburn) Packer's daughter in Cambridge, England",,,1941-06-22,,single-page; photographs,,"Portland, OR",,,,,Private family collection,,,,"Educational use includes non-commercial use of text and images in materials for teaching and research purposes. Digital reproduction permissions granted by University of Idaho Library Special Collections and Archives Department. For other uses beyond free use, please contact University of Idaho Library Special Collections and Archives Department at libspec@uidaho.edu.",https://rightsstatements.org/vocab/InC-EDU/1.0/,Text,eng,https://archiveswest.orbiscascade.org/ark:/80444/xv97133/op=fstyle.aspx?t=k&q=psychiana
WIHannWWIIarchive066,WIHWWII1941_20240831_0008.jpg,,"W.I. (Bill) Hann and Mrs. Packer's daughter, back",image/jpeg,"A photo of W.I. (Bill) Hann wearing civilian clothes with Adelaide Lilian (née Ditchburn) Packer's daughter in Cambridge, England",,,1941-06-22,,single-page; photographs,,,,,,,Private family collection,,,,"Educational use includes non-commercial use of text and images in materials for teaching and research purposes. Digital reproduction permissions granted University of Idaho Library Special Collections and Archives Department. For other uses beyond free use, please contact University of Idaho Library Special Collections and Archives Department at libspec@uidaho.edu.",https://rightsstatements.org/vocab/InC-EDU/1.0/,Image;StillImage,eng,https://archiveswest.orbiscascade.org/ark:/80444/xv97133/op=fstyle.aspx?t=k&q=psychiana
WIHannWWIIarchive067,WIHWWII1941_20240831_0009.jpg,,"W.I. (Bill) Hann and Mrs. Packer's daughter, front",image/jpeg,"A photo of W.I. (Bill) Hann wearing civilian clothes with Adelaide Lilian (née Ditchburn) Packer's daughter in Cambridge, England",,,1941-06-22,,single-page; photographs,,"Los Angeles, CA",,,,,Private family collection,,,,"Educational use includes non-commercial use of text and images in materials for teaching and research purposes. Digital reproduction permissions granted by University of Idaho Library Special Collections and Archives Department. For other uses beyond free use, please contact University of Idaho Library Special Collections and Archives Department at libspec@uidaho.edu.",https://rightsstatements.org/vocab/InC-EDU/1.0/,Text,eng,https://archiveswest.orbiscascade.org/ark:/80444/xv97133/op=fstyle.aspx?t=k&q=psychiana
WIHannWWIIarchive068,WIHWWII1941_20240831_0010.jpg,,"W.I. (Bill) Hann and Mrs. Packer's daughter, back",image/jpeg,"A photo of W.I. (Bill) Hann wearing civilian clothes with Adelaide Lilian (née Ditchburn) Packer's daughter in Cambridge, England",,,1941-06-22,,single-page; photographs,,,,,,,Private family collection,,,,,,,,
WIHannWWIIarchive069,WIHWWII1941_20240831_0011.jpg,,"W.I. (Bill) Hann and Mrs. Packer at the beach, front",image/jpeg,"A photo of W.I. (Bill) Hann wearing civilian clothes with Adelaide Lilian (née Ditchburn) Packer sitting on the beach at Sheerness, Kent, England",,,1941-09-27,,single-page; photographs,,,,,,,Private family collection,,,,,,,,
WIHannWWIIarchive070,WIHWWII1941_20240831_0012.jpg,,"W.I. (Bill) Hann and Mrs. Packer at the beach, back",image/jpeg,"A photo of W.I. (Bill) Hann wearing civilian clothes with Adelaide Lilian (née Ditchburn) Packer sitting on the beach at Sheerness, Kent, England",,,1941-09-27,,single-page; photographs,,,,,,,Private family collection,,,,,,,,
WIHannWWIIarchive071,WIHWWII1941_20240831_0013.jpg,,"Mrs. Packer sitting in her garden, front",image/jpeg,"A photo of Adelaide Lilian (née Dicthburn) Packer seated in the garden of Adelaide Lilian (née Ditchburn) Packer's house [40 Ridham Avenue] in Kemsley, Kent, England",,,1941-09-28,,single-page; photographs,,,,,,,Private family collection,,,,,,,,
WIHannWWIIarchive072,WIHWWII1941_20240831_0014.jpg,,"Mrs. Packer sitting in her garden, back",image/jpeg,"A photo of Adelaide Lilian (née Dicthburn) Packer seated in the garden of Adelaide Lilian (née Ditchburn) Packer's house [40 Ridham Avenue] in Kemsley, Kent, England",,,1941-09-28,,single-page; photographs,,,,,,,Private family collection,,,,,,,,
WIHannWWIIarchive073,WIHWWII1941_20240831_0015.jpg,,"W.I. (Bill) Hann sitting in Mrs. Packer's garden, front",image/jpeg,"A photo of W.I. (Bill) Hann wearing civilian clothes seated in the garden of Adelaide Lilian (née Ditchburn) Packer's house [40 Ridham Avenue] in Kemsley, Kent, England",,,1941-09-28,,single-page; photographs,,,,,,,Private family collection,,,,,,,,
WIHannWWIIarchive074,WIHWWII1941_20240831_0016.jpg,,"W.I. (Bill) Hann sitting in Mrs. Packer's garden, back",image/jpeg,"A photo of W.I. (Bill) Hann wearing civilian clothes seated in the garden of Adelaide Lilian (née Ditchburn) Packer's house [40 Ridham Avenue] in Kemsley, Kent, England",,,1941-09-28,,single-page; photographs,,,,,,,Private family collection,,,,,,,,
WIHannWWIIarchive075,WIHWWII1941_20240831_0017.jpg,,"W.I. (Bill) Hann wearing a kilt, front",image/jpeg,A photo of W.I. (Bill) Hann wearing a kilt,,,1941-12-20,,single-page; photographs,,,,,,,Private family collection,,,,,,,,
WIHannWWIIarchive076,WIHWWII1941_20240831_0018.jpg,,"W.I. (Bill) Hann wearing a kilt, back",image/jpeg,A photo of W.I. (Bill) Hann wearing a kilt,,,1941-12-20,,single-page; photographs,,,,,,,Private family collection,,,,,,,,
WIHannWWIIarchive077,WIHWWII1941_20240831_0019.jpg,,"Portrait photo of W.I. (Bill) Hann and Mary Mann, front",image/jpeg,A portrait photo of W.I. (Bill) and Mary Hann (née Mann),,,1941-12-27,,single-page; photographs,,,,,,,Private family collection,,,,,,,,
WIHannWWIIarchive078,WIHWWII1941_20240831_0020.jpg,,"Portrait photo of W.I. (Bill) Hann and Mary Mann, back",image/jpeg,A portrait photo of W.I. (Bill) and Mary Hann (née Mann),,,1941-12-27,,single-page; photographs,,,,,,,Private family collection,,,,,,,,
WIHannWWIIarchive079,WIHWWII1941_20240831_0021.jpg,,"W.I. (Bill) Hann and Mary Mann sitting beside the water, front",image/jpeg,A photo of W.I. (Bill) and Mary Hann (née Mann) sitting beside a stream or lake in Scotland,,,1941,yes,single-page; photographs,,,,,,,Private family collection,,,,,,,,
WIHannWWIIarchive080,WIHWWII1941_20240831_0022.jpg,,"W.I. (Bill) Hann and Mary Mann sitting beside the water, back",image/jpeg,A photo of W.I. (Bill) and Mary Hann (née Mann) sitting beside a stream or lake in Scotland,,,1941,yes,single-page; photographs,,,,,,,Private family collection,,,,,,,,
WIHannWWIIarchive081,WIHWWII1941_20240831_0023.jpg,,"W.I. (Bill) Hann, front",image/jpeg,"A photo of W.I. (Bill) Hann at Loch Lomond, Scotland",,,1941,yes,single-page; photographs,,,,,,,Private family collection,,,,,,,,
WIHannWWIIarchive082,WIHWWII1941_20240831_0024.jpg,,"W.I. (Bill) Hann, back",image/jpeg,"A photo of W.I. (Bill) Hann at Loch Lomond, Scotland",,,1941,yes,single-page; photographs,,,,,,,Private family collection,,,,,,,,
WIHannWWIIarchive083,WIHWWII1942_20240901_0001.jpg,,"Guests at the wedding of W.I. (Bill) Hann and Mary Mann, front",image/jpeg,"A photo of George Black, Victor Hann, Jean Edmunds (née Mann), and W.I. (Bill) Hann taken at the wedding of W.I. (Bill) and Mary (née Mann) Hann at the New Kilpatrick Parish Church in Glasgow, Scotland",,,1942-10-08,,single-page; photographs,,,,,,,Private family collection,,,,,,,,
WIHannWWIIarchive084,WIHWWII1942_20240901_0002.jpg,,"Guests at the wedding of W.I. (Bill) Hann and Mary Mann, back",image/jpeg,"A photo of George Black, Victor Hann, Jean Edmunds (née Mann), and W.I. (Bill) Hann taken at the wedding of W.I. (Bill) and Mary (née Mann) Hann at the New Kilpatrick Parish Church in Glasgow, Scotland",,,1942-10-08,,single-page; photographs,,,,,,,Private family collection,,,,,,,,
WIHannWWIIarchive085,WIHWWII1942_20240901_0003.jpg,,"Guests at the wedding of W.I. (Bill) Hann and Mary Mann, front",image/jpeg,"A photo of Harold Hann, an unidentified woman, Elsie Hann, Ralph Emberly, Joe Byrne, and Bill Giles taken at the wedding of W.I. (Bill) and Mary (née Mann) Hann at the New Kilpatrick Parish Church in Glasgow, Scotland",,,1942-10-08,,single-page; photographs,,,,,,,Private family collection,,,,,,,,
WIHannWWIIarchive086,WIHWWII1942_20240901_0004.jpg,,"Guests at the wedding of W.I. (Bill) Hann and Mary Mann, back",image/jpeg,"A photo of Harold Hann, an unidentified woman, Elsie Hann, Ralph Emberly, Joe Byrne, and Bill Giles taken at the wedding of W.I. (Bill) and Mary (née Mann) Hann at the New Kilpatrick Parish Church in Glasgow, Scotland",,,1942-10-08,,single-page; photographs,,,,,,,Private family collection,,,,,,,,
WIHannWWIIarchive087,WIHWWII1942_20240901_0005.jpg,,"Guests at the wedding of W.I. (Bill) Hann and Mary Mann, front",image/jpeg,"A photo of Donald Mann's girlfriend Netta, Madeline Sigurdson (née Gibson), Marion Mann (née Provan), and Ian Mann taken at the wedding of W.I. (Bill) and Mary (née Mann) Hann at the New Kilpatrick Parish Church in Glasgow, Scotland",,,1942-10-08,,single-page; photographs,,,,,,,Private family collection,,,,,,,,
WIHannWWIIarchive088,WIHWWII1942_20240901_0006.jpg,,"Guests at the wedding of W.I. (Bill) Hann and Mary Mann, back",image/jpeg,"A photo of Donald Mann's girlfriend Netta, Madeline Sigurdson (née Gibson), Marion Mann (née Provan), and Ian Mann taken at the wedding of W.I. (Bill) and Mary (née Mann) Hann at the New Kilpatrick Parish Church in Glasgow, Scotland",,,1942-10-08,,single-page; photographs,,,,,,,Private family collection,,,,,,,,
WIHannWWIIarchive089,WIHWWII1942_20240901_0007.jpg,,"The wedding party at the wedding of W.I. (Bill) Hann and Mary Mann, front",image/jpeg,"A photo of (front row) Marion Mann, W.I. (Bill) Hann, Mary Hann (née Mann), Victor Hann, (back row) Elsie ... (née Hann), John Mann, Marion Mann (née Provan), and Harold Hann taken at the wedding of W.I. (Bill) and Mary (née Mann) Hann at the New Kilpatrick Parish Church in Glasgow, Scotland",,,1942-10-08,,single-page; photographs,,,,,,,Private family collection,,,,,,,,
WIHannWWIIarchive090,WIHWWII1942_20240901_0008.jpg,,"The wedding party at the wedding of W.I. (Bill) Hann and Mary Mann, back",image/jpeg,"A photo of (front row) Marion Mann, W.I. (Bill) Hann, Mary Hann (née Mann), Victor Hann, (back row) Elsie ... (née Hann), John Mann, Marion Mann (née Provan), and Harold Hann taken at the wedding of W.I. (Bill) and Mary (née Mann) Hann at the New Kilpatrick Parish Church in Glasgow, Scotland",,,1942-10-08,,single-page; photographs,,,,,,,Private family collection,,,,,,,,
WIHannWWIIarchive091,WIHWWII1942_20240901_0009.jpg,,"The wedding party at the wedding of W.I. (Bill) Hann and Mary Mann, front",image/jpeg,"A photo of W.I. (Bill) and Mary (née Mann) Hann, with Victor Hann, Marion (née Mann), and John Mann in the background, taken at their wedding at the New Kilpatrick Parish Church in Glasgow, Scotland",,,1942-10-08,,single-page; photographs,,,,,,,Private family collection,,,,,,,,
WIHannWWIIarchive092,WIHWWII1942_20240901_0010.jpg,,"The wedding party at the wedding of W.I. (Bill) Hann and Mary Mann, back",image/jpeg,"A photo of W.I. (Bill) and Mary (née Mann) Hann, with Victor Hann, Marion (née Mann), and John Mann in the background, taken at their wedding at the New Kilpatrick Parish Church in Glasgow, Scotland",,,1942-10-08,,single-page; photographs,,,,,,,Private family collection,,,,,,,,
WIHannWWIIarchive093,WIHWWII1942_20240901_0011.jpg,,"W.I. (Bill) Hann and Mary Mann at their wedding, front",image/jpeg,"A photo of W.I. (Bill) and Mary (née Mann) Hann entering a car taken at their wedding at the New Kilpatrick Parish Church in Glasgow, Scotland",,,1942-10-08,,single-page; photographs,,,,,,,Private family collection,,,,,,,,
WIHannWWIIarchive094,WIHWWII1942_20240901_0012.jpg,,"W.I. (Bill) Hann and Mary Mann at their wedding, back",image/jpeg,"A photo of W.I. (Bill) and Mary (née Mann) Hann entering a car taken at their wedding at the New Kilpatrick Parish Church in Glasgow, Scotland",,,1942-10-08,,single-page; photographs,,,,,,,Private family collection,,,,,,,,
WIHannWWIIarchive095,WIHWWII1943_20240901_0001.jpg,,"W.I. (Bill) Hann in uniform, front",image/jpeg,"A photo of W.I. (Bill) Hann in uniform [taken in Bone, i.e., Annaba, Algeria]",,,1943-02,yes,single-page; photographs,,,,,,,Private family collection,,,,,,,,
WIHannWWIIarchive096,WIHWWII1943_20240901_0002.jpg,,"W.I. (Bill) Hann in uniform, back",image/jpeg,"A photo of W.I. (Bill) Hann in uniform [taken in Bone, i.e., Annaba, Algeria]",,,1943-02,yes,single-page; photographs,,,,,,,Private family collection,,,,,,,,
WIHannWWIIarchive097,WIHWWII1943_20240901_0003.jpg,,"Ralph Emberley in uniform, front ",image/jpeg,"A photo of Ralph Emberley in uniform [taken in Bone, i.e., Annaba, Algeria]",,,1943-02,yes,single-page; photographs,,,,,,,Private family collection,,,,,,,,
WIHannWWIIarchive098,WIHWWII1943_20240901_0004.jpg,,"Ralph Emberley in uniform, back",image/jpeg,"A photo of Ralph Emberley in uniform [taken in Bone, i.e., Annaba, Algeria]",,,1943-02,yes,single-page; photographs,,,,,,,Private family collection,,,,,,,,
WIHannWWIIarchive099,WIHWWII1943_20240901_0005.jpg,,"Letter from Martha Hann to Mrs. Allen, front",image/jpeg,"A letter written my Martha (née Russell) Hann of Corner Brook sent to a Mrs. Allen of Kirkmuirhill, Scotland",Marth Hann,Mrs. Allen,1943-04-22,,single-page; photographs,,,,,,,Private family collection,,,,,,,,
WIHannWWIIarchive100,WIHWWII1943_20240901_0006.jpg,,"Letter from Martha Hann to Mrs. Allen, back",image/jpeg,"A letter written my Martha (née Russell) Hann of Corner Brook sent to a Mrs. Allen of Kirkmuirhill, Scotland",Marth Hann,Mrs. Allen,1943-04-22,,single-page; photographs,,,,,,,Private family collection,,,,,,,,
WIHannWWIIarchive101,WIHWWII1943_20240901_0007.pdf,,Letter from W.I. (Bill) Hann to his parents,application/pdf,"A letter written by W.I. (Bill) Hann sent to his parents, Martha (née Russell) and Chesley Hann of Corner Brook [while stationed in Tunis, Tunisia]",W.I. (Bill) Hann,Martha Hann and Chesley Hann,1943-05-19,,multiple-page; flyers,,,,,,,Private family collection,,,,,,,,
WIHannWWIIarchive102,WIHWWII1943_20240901_0008.jpg,,"Six Newfoundland soldiers, front",image/jpeg,"A photo of six Newfoundland soldiers including W.I. (Bill) Hann (front row, middle), Harold Hann (back row, left), and Victor Hann (back row, right) [taken in Algeria or Tunisia]",,,1943,yes,single-page; photographs,,,,,,,Private family collection,,,,,,,,
WIHannWWIIarchive103,WIHWWII1943_20240901_0009.jpg,,"Six Newfoundland soldiers, back",image/jpeg,"A photo of six Newfoundland soldiers including W.I. (Bill) Hann (front row, middle), Harold Hann (back row, left), and Victor Hann (back row, right) [taken in Algeria or Tunisia]",,,1943,yes,single-page; photographs,,,,,,,Private family collection,,,,,,,,
WIHannWWIIarchive104,WIHWWII1943_20240901_0010.jpg,,Christmas Card from W.I. (Bill) Hann to Mary Hann,image/jpeg,"A hand drawn Christmas card sent by W.I. (Bill) Hann [from Italy] to his wife Mary Hann (née Mann) in Glasgow, Scotland",W.I. (Bill) Hann,Mary Hann,1943-12,yes,single-page; photographs,,,,,,,Private family collection,,,,,,,,
WIHannWWIIarchive105,WIHWWII1944_20240901_0001.jpg,,Letter from W.I. (Bill) hann to Anthony Eden,image/jpeg,A letter written by W.I. (Bill) Hann sent to British politician Anthony Eden requesting Eden's help to secure home leave for Newfoundland soldiers,W.I. (Bill) Hann,Anthony Eden,1944-06-15,,single-page; photographs,,,,,,,Private family collection,,,,,,,,
WIHannWWIIarchive106,WIHWWII1944_20240901_0002.jpg,,"Solider standing in front of his tent, front",image/jpeg,A photo of … standing in front of his tent [taken in Italy],,,1944-06,yes,single-page; photographs,,,,,,,Private family collection,,,,,,,,
WIHannWWIIarchive107,WIHWWII1944_20240901_0003.jpg,,"Solider standing in front of his tent, back",image/jpeg,A photo of … standing in front of his tent [taken in Italy],,,1944-06,yes,single-page; photographs,,,,,,,Private family collection,,,,,,,,
WIHannWWIIarchive108,WIHWWII1944_20240901_0004.jpg,,"W.I. (Bill) Hann and a Canadian soldier, front",image/jpeg,A photo of W.I. (Bill) Hann and an unidentifed [Canadian?] soldier seated with arms on each others' shoulders,,,1944-08-13,,single-page; photographs,,,,,,,Private family collection,,,,,,,,
WIHannWWIIarchive109,WIHWWII1944_20240901_0005.jpg,,"W.I. (Bill) Hann and a Canadian soldier, back",image/jpeg,A photo of W.I. (Bill) Hann and an unidentifed [Canadian?] soldier seated with arms on each others' shoulders,,,1944-08-13,,single-page; photographs,,,,,,,Private family collection,,,,,,,,
WIHannWWIIarchive110,WIHWWII1944_20240901_0006.jpg,,"Soldiers standing beside a truck driving through the mud, front",image/jpeg,A photo of a group of Newfoundland soldiers beside a truck driving through the mud taken in Italy,,,1944,yes,single-page; photographs,,,,,,,Private family collection,,,,,,,,
WIHannWWIIarchive111,WIHWWII1944_20240901_0007.jpg,,"Soldiers standing beside a truck driving through the mud, back",image/jpeg,A photo of a group of Newfoundland soldiers beside a truck driving through the mud taken in Italy,,,1944,yes,single-page; photographs,,,,,,,Private family collection,,,,,,,,
WIHannWWIIarchive112,WIHWWII1944_20240901_0008.jpg,,"Unknown, front",image/jpeg,A photo of …,,,1944,yes,single-page; photographs,,,,,,,Private family collection,,,,,,,,
WIHannWWIIarchive113,WIHWWII1944_20240901_0009.jpg,,"Unknown, back",image/jpeg,A photo of …,,,1944,yes,single-page; photographs,,,,,,,Private family collection,,,,,,,,
WIHannWWIIarchive114,WIHWWII1944_20240901_0010.jpg,,"Soldiers posing in front of St. Peter's Basilica, front",image/jpeg,A photo of a large group of Newfoundland soldiers with St. Peter's Basilica in the background including Murdoch Sweet kneeling sixth from the left,,,1944,yes,single-page; photographs,,,,,,,Private family collection,,,,,,,,
WIHannWWIIarchive115,WIHWWII1944_20240901_0011.jpg,,"Soldiers posing in front of St. Peter's Basilica, back",image/jpeg,A photo of a large group of Newfoundland soldiers with St. Peter's Basilica in the background including Murdoch Sweet kneeling sixth from the left,,,1944,yes,single-page; photographs,,,,,,,Private family collection,,,,,,,,
WIHannWWIIarchive116,WIHWWII1945_20240901_0001.jpg,,"Soliders sitting in a toboggan, front",image/jpeg,A photo of a group of soldiers taken in the Apennine mountains of Italy [seated on a sled/toboggan],,,1945-02-01,,single-page; photographs,,,,,,,Private family collection,,,,,,,,
WIHannWWIIarchive117,WIHWWII1945_20240901_0002.jpg,,"Soliders sitting in a toboggan, back",image/jpeg,A photo of a group of soldiers taken in the Apennine mountains of Italy [seated on a sled/toboggan],,,1945-02-01,,single-page; photographs,,,,,,,Private family collection,,,,,,,,
WIHannWWIIarchive118,WIHWWII1945_20240901_0003.jpg,,"Soldiers standing in the snow, front",image/jpeg,A photo of a group of Newfoundland soldier taken somewhere in the Apennine mountains of Italty including W.I. (Bill) Hann crouching in front,,,1945-02-01,,single-page; photographs,,,,,,,Private family collection,,,,,,,,
WIHannWWIIarchive119,WIHWWII1945_20240901_0004.jpg,,"Soldiers standing in the snow, back",image/jpeg,A photo of a group of Newfoundland soldier taken somewhere in the Apennine mountains of Italty including W.I. (Bill) Hann crouching in front,,,1945-02-01,,single-page; photographs,,,,,,,Private family collection,,,,,,,,
WIHannWWIIarchive120,WIHWWII1945_20240901_0005.jpg,,"Letter from Paul Emrys Evans to Quintin Hogg, front",image/jpeg,A letter written by British politician Paul Emrys Evans sent to his colleague Quintin Hogg outlining a home leave scheme for Newfoundland soldiers,Paul Emrys Evans,Quintin Hogg,1945-03-21,,single-page; photographs,,,,,,,Private family collection,,,,,,,,
WIHannWWIIarchive121,WIHWWII1945_20240901_0006.jpg,,"Letter from Paul Emrys Evans to Quintin Hogg, back",image/jpeg,A letter written by British politician Paul Emrys Evans sent to his colleague Quintin Hogg outlining a home leave scheme for Newfoundland soldiers,Paul Emrys Evans,Quintin Hogg,1945-03-21,,single-page; photographs,,,,,,,Private family collection,,,,,,,,
WIHannWWIIarchive122,WIHWWII1945_20240901_0007.jpg,,Newspaper clipping of W.I. (Bill) Hann and Mary Hann,image/jpeg,A newspaper clipping featuring a photo of Mary (née Mann) and W.I. (Bill) Hann taken in Montréal in July 1945 the first time the two had met since shortly after their wedding in 1942,,,1945-07,yes,single-page; photographs,,,,,,,Private family collection,,,,,,,,
WIHannWWIIarchive123,WIHWWII1945_20240901_0008.jpg,,W.I. (Bill) Hann's certificate of service,image/jpeg,W.I. (Bill) Hann's signed certificate of service from the Department of Defence,,,1945-09-08,,single-page; photographs,,,,,,,Private family collection,,,,,,,,
WIHannWWIIarchive124,WIHWWII1940-45_20240901_0001.jpg,,"Portrait photo of W.I. (Bill) Hann in uniform, front",image/jpeg,A portrait photo of W.I. (Bill) Hann in uniform,,,,,single-page; photographs,,,,,,,Private family collection,,,,,,,,
WIHannWWIIarchive125,WIHWWII1940-45_20240901_0002.jpg,,"Portrait photo of W.I. (Bill) Hann in uniform, back",image/jpeg,A portrait photo of W.I. (Bill) Hann in uniform,,,,,single-page; photographs,,,,,,,Private family collection,,,,,,,,
WIHannWWIIarchive126,WIHWWII1940-45_20240901_0003.jpg,,"Portrait photo of W.I. (Bill) Hann in uniform, front",image/jpeg,A portrait photo of W.I. (Bill) Hann in uniform,,,,,single-page; photographs,,,,,,,Private family collection,,,,,,,,
WIHannWWIIarchive127,WIHWWII1940-45_20240901_0004.jpg,,"Portrait photo of W.I. (Bill) Hann in uniform, back",image/jpeg,A portrait photo of W.I. (Bill) Hann in uniform,,,,,single-page; photographs,,,,,,,Private family collection,,,,,,,,
WIHannWWIIarchive128,WIHWWII1940-45_20240901_0005.jpg,,"W.I. (Bill) Hann in uniform beside the water, front",image/jpeg,A photo of W.I. (Bill) Hann in uniform standing in front of a stream [taken in Scotland],,,,,single-page; photographs,,,,,,,Private family collection,,,,,,,,
WIHannWWIIarchive129,WIHWWII1940-45_20240901_0006.jpg,,"W.I. (Bill) Hann in uniform beside the water, back",image/jpeg,A photo of W.I. (Bill) Hann in uniform standing in front of a stream [taken in Scotland],,,,,single-page; photographs,,,,,,,Private family collection,,,,,,,,
WIHannWWIIarchive130,WIHWWII1940-45_20240901_0007.jpg,,"Soldier holding up a pair of stiffened pants, front",image/jpeg,A photo of a Newfoundland soldier [Jim Winter] holding up a pair of stiffened/frozen pants [taken in Scotland],,,,,single-page; photographs,,,,,,,Private family collection,,,,,,,,
WIHannWWIIarchive131,WIHWWII1940-45_20240901_0008.jpg,,"Soldier holding up a pair of stiffened pants, back",image/jpeg,A photo of a Newfoundland soldier [Jim Winter] holding up a pair of stiffened/frozen pants [taken in Scotland],,,,,single-page; photographs,,,,,,,Private family collection,,,,,,,,
WIHannWWIIarchive132,WIHWWII1940-45_20240901_0009.jpg,,"A group of Newfoundland soldiers in traning, front",image/jpeg,"A photo of a group of Newfoundland soldiers in uniform [taken in Wolferton, England]",,,,,single-page; photographs,,,,,,,Private family collection,,,,,,,,
WIHannWWIIarchive133,WIHWWII1940-45_20240901_0010.jpg,,"A group of Newfoundland soldiers in traning, back",image/jpeg,"A photo of a group of Newfoundland soldiers in uniform [taken in Wolferton, England]",,,,,single-page; photographs,,,,,,,Private family collection,,,,,,,,
WIHannWWIIarchive134,WIHWWII1940-45_20240901_0011.jpg,,"Newfoundland gun crew, front",image/jpeg,A photo of a Newfoundland gun crew [inclduing Murdoch Sweet reading the paper taken in Algeria or Tunisia],,,,,single-page; photographs,,,,,,,Private family collection,,,,,,,,
WIHannWWIIarchive135,WIHWWII1940-45_20240901_0012.jpg,,"Newfoundland gun crew, back",image/jpeg,A photo of a Newfoundland gun crew [inclduing Murdoch Sweet reading the paper taken in Algeria or Tunisia],,,,,single-page; photographs,,,,,,,Private family collection,,,,,,,,
WIHannWWIIarchive136,WIHWWII1940-45_20240901_0013.jpg,,"A group of Newfoundland sargents, front",image/jpeg,A photo of a group of Newfoundland sargents [taken in Algeria or Tunisia],,,,,single-page; photographs,,,,,,,Private family collection,,,,,,,,
WIHannWWIIarchive137,WIHWWII1940-45_20240901_0014.jpg,,"A group of Newfoundland sargents, back",image/jpeg,A photo of a group of Newfoundland sargents [taken in Algeria or Tunisia],,,,,single-page; photographs,,,,,,,Private family collection,,,,,,,,
WIHannWWIIarchive138,WIHWWII1940-45_20240901_0015.jpg,,"Newfoundland gun crew, front",image/jpeg,"A photo of Newfoundland gun crew [""B"" Troop of ""Peter"" Battery, 166th Field Regiment, firing near Tunis, Tunisia]",,,,,single-page; photographs,,,,,,,Private family collection,,,,,,,,
WIHannWWIIarchive139,WIHWWII1940-45_20240901_0016.jpg,,"Newfoundland gun crew, back",image/jpeg,"A photo of Newfoundland gun crew [""B"" Troop of ""Peter"" Battery, 166th Field Regiment, firing near Tunis, Tunisia]",,,,,single-page; photographs,,,,,,,Private family collection,,,,,,,,
WIHannWWIIarchive140,WIHWWII1940-45_20240901_0017.jpg,,"Bud Peyton reading on the toilet, front",image/jpeg,A photo of Lt. Bud [C.E.M.] Peyton reading on the toilet,,,,,single-page; photographs,,,,,,,Private family collection,,,,,,,,
WIHannWWIIarchive141,WIHWWII1940-45_20240901_0018.jpg,,"Bud Peyton reading on the toilet, back",image/jpeg,A photo of Lt. Bud [C.E.M.] Peyton reading on the toilet,,,,,single-page; photographs,,,,,,,Private family collection,,,,,,,,
WIHannWWIIarchive142,WIHWWII1940-45_20240901_0019.jpg,,"Bud Peyton, front",image/jpeg,A photo of Lt. Bud [C.E.M.] Peyton taken in Italy,,,,,single-page; photographs,,,,,,,Private family collection,,,,,,,,
WIHannWWIIarchive143,WIHWWII1940-45_20240901_0020.jpg,,"Bud Peyton, back",image/jpeg,A photo of Lt. Bud [C.E.M.] Peyton taken in Italy,,,,,single-page; photographs,,,,,,,Private family collection,,,,,,,,
WIHannWWIIarchive144,WIHWWII1940-45_20240901_0021.jpg,,"Bud Peyton, front",image/jpeg,A photo of Lt. Bud [C.E.M.] Peyton,,,,,single-page; photographs,,,,,,,Private family collection,,,,,,,,
WIHannWWIIarchive145,WIHWWII1940-45_20240901_0022.jpg,,"Bud Peyton, back",image/jpeg,A photo of Lt. Bud [C.E.M.] Peyton,,,,,single-page; photographs,,,,,,,Private family collection,,,,,,,,
WIHannWWIIarchive146,WIHWWII1940-45_20240901_0023.jpg,,"Unknown and Jim Taylor, front",image/jpeg,A photo of … and Cpt. Jim Taylor,,,,,single-page; photographs,,,,,,,Private family collection,,,,,,,,
WIHannWWIIarchive147,WIHWWII1940-45_20240901_0024.jpg,,"Unknown and Jim Taylor, back",image/jpeg,A photo of … and Cpt. Jim Taylor,,,,,single-page; photographs,,,,,,,Private family collection,,,,,,,,
WIHannWWIIarchive148,WIHWWII1940-45_20240901_0025.jpg,,"Unknown standing beside a car, front",image/jpeg,A photo of … standing beside a car,,,,,single-page; photographs,,,,,,,Private family collection,,,,,,,,
WIHannWWIIarchive149,WIHWWII1940-45_20240901_0026.jpg,,"Unknown standing beside a car, back",image/jpeg,A photo of … standing beside a car,,,,,single-page; photographs,,,,,,,Private family collection,,,,,,,,
WIHannWWIIarchive150,WIHWWII1940-45_20240901_0027.jpg,,"Frank Squires and his wife Edith, front",image/jpeg,A photo of Frank Squires of Bell Island and his English wife [Edith],,,,,single-page; photographs,,,,,,,Private family collection,,,,,,,,
WIHannWWIIarchive151,WIHWWII1940-45_20240901_0028.jpg,,"Frank Squires and his wife Edith, back",image/jpeg,A photo of Frank Squires of Bell Island and his English wife [Edith],,,,,single-page; photographs,,,,,,,Private family collection,,,,,,,,
WIHannWWIIarchive152,WIHWWII1940-45_20240901_0029.jpg,,"Frank Squires, his wife Edith, and unknown woman, front",image/jpeg,"A photo of Frank Squires of Bell Island, his English wife [Edith], and an unidentified woman",,,,,single-page; photographs,,,,,,,Private family collection,,,,,,,,
WIHannWWIIarchive153,WIHWWII1940-45_20240901_0030.jpg,,"Frank Squires, his wife Edith, and unknown woman, back",image/jpeg,"A photo of Frank Squires of Bell Island, his English wife [Edith], and an unidentified woman",,,,,single-page; photographs,,,,,,,Private family collection,,,,,,,,
WIHannWWIIarchive154,WIHWWII1940-45_20240901_0031.jpg,,"Portrait photo of H.G. Lambert, front",image/jpeg,"A portrait photo of Lt.-Col. H.G. Lambert, commander in turn of 57th Newfoundland Heavy Regiment and the 166th Newfoundland Field Regiment",,,,,single-page; photographs,,,,,,,Private family collection,,,,,,,,
WIHannWWIIarchive155,WIHWWII1940-45_20240901_0032.jpg,,"Portrait photo of H.G. Lambert, back",image/jpeg,"A portrait photo of Lt.-Col. H.G. Lambert, commander in turn of 57th Newfoundland Heavy Regiment and the 166th Newfoundland Field Regiment",,,,,single-page; photographs,,,,,,,Private family collection,,,,,,,,
WIHannWWIIarchive156,WIHWWII1940-45_20240901_0033.pdf,,166th songbook,application/pdf,"A four page songbook titled ""A few 166th Ditties"" with words and music by Jonas Barter, William Barter, and Alexandrina Mercer",,,,,multiple-page; flyers,,,,,,,Private family collection,,,,,,,,